{
  "configVersion": 1,
  "timestamp": 1612715291016,
  "index": "/index.html",
  "assetGroups": [
    {
      "name": "app",
      "installMode": "prefetch",
      "updateMode": "prefetch",
      "urls": [
        "/11-es2015.4a09efe41345b9eeb106.js",
        "/11-es5.4a09efe41345b9eeb106.js",
        "/12-es2015.ab4dfc7c38f180e8e192.js",
        "/12-es5.ab4dfc7c38f180e8e192.js",
        "/13-es2015.c6c92cb3742f55202bff.js",
        "/13-es5.c6c92cb3742f55202bff.js",
        "/14-es2015.ff8ffe7ac86e643bafb6.js",
        "/14-es5.ff8ffe7ac86e643bafb6.js",
        "/15-es2015.2b99da29e1a0695d0ac8.js",
        "/15-es5.2b99da29e1a0695d0ac8.js",
        "/16-es2015.e59932d3c96b33303c0d.js",
        "/16-es5.e59932d3c96b33303c0d.js",
        "/17-es2015.dbb599abf61c47d50596.js",
        "/17-es5.dbb599abf61c47d50596.js",
        "/18-es2015.c86898c85d2a274db6b6.js",
        "/18-es5.c86898c85d2a274db6b6.js",
        "/19-es2015.e68268af4b2ee6837f4e.js",
        "/19-es5.e68268af4b2ee6837f4e.js",
        "/2-es2015.78786620c85f8fbe1f68.js",
        "/2-es5.78786620c85f8fbe1f68.js",
        "/20-es2015.2d6264ae6b6e777e631d.js",
        "/20-es5.2d6264ae6b6e777e631d.js",
        "/21-es2015.e4657d7a1fe1dc6dcc63.js",
        "/21-es5.e4657d7a1fe1dc6dcc63.js",
        "/22-es2015.d034b6fbcfe89ff0d357.js",
        "/22-es5.d034b6fbcfe89ff0d357.js",
        "/23-es2015.9d606b3f95e101082546.js",
        "/23-es5.9d606b3f95e101082546.js",
        "/24-es2015.e177e69d49abe139d9d5.js",
        "/24-es5.e177e69d49abe139d9d5.js",
        "/25-es2015.56d48b130b096a96f046.js",
        "/25-es5.56d48b130b096a96f046.js",
        "/26-es2015.e3563fa0d2429135b786.js",
        "/26-es5.e3563fa0d2429135b786.js",
        "/27-es2015.b466137b6bb04ced3b06.js",
        "/27-es5.b466137b6bb04ced3b06.js",
        "/28-es2015.aaf20d6e6f0340720293.js",
        "/28-es5.aaf20d6e6f0340720293.js",
        "/29-es2015.0fb32e21e38dbee7ce70.js",
        "/29-es5.0fb32e21e38dbee7ce70.js",
        "/3-es2015.9a90d969f82d1622fb11.js",
        "/3-es5.9a90d969f82d1622fb11.js",
        "/30-es2015.53e1a3d2b641be02d795.js",
        "/30-es5.53e1a3d2b641be02d795.js",
        "/31-es2015.c2c781ec8d1b847033b7.js",
        "/31-es5.c2c781ec8d1b847033b7.js",
        "/32-es2015.7833f60495efc324ee4c.js",
        "/32-es5.7833f60495efc324ee4c.js",
        "/33-es2015.e33cf9c979a0ef8ad76b.js",
        "/33-es5.e33cf9c979a0ef8ad76b.js",
        "/34-es2015.51113fb15a28b9686e65.js",
        "/34-es5.51113fb15a28b9686e65.js",
        "/35-es2015.8abd4e75205db55fae99.js",
        "/35-es5.8abd4e75205db55fae99.js",
        "/36-es2015.691929cfb12088b15e83.js",
        "/36-es5.691929cfb12088b15e83.js",
        "/37-es2015.d629cfb211f590659742.js",
        "/37-es5.d629cfb211f590659742.js",
        "/38-es2015.2783c92af028eb0e651d.js",
        "/38-es5.2783c92af028eb0e651d.js",
        "/39-es2015.0c7d77aed367e0b828c0.js",
        "/39-es5.0c7d77aed367e0b828c0.js",
        "/40-es2015.28d6d55d40c5335b40d5.js",
        "/40-es5.28d6d55d40c5335b40d5.js",
        "/41-es2015.6dcf0459f49bd995b7dd.js",
        "/41-es5.6dcf0459f49bd995b7dd.js",
        "/42-es2015.3c6a73a8e44e1ac4570d.js",
        "/42-es5.3c6a73a8e44e1ac4570d.js",
        "/43-es2015.de83ea6221e47c4b4a8c.js",
        "/43-es5.de83ea6221e47c4b4a8c.js",
        "/44-es2015.dd39d7187c3d3cf6c83a.js",
        "/44-es5.dd39d7187c3d3cf6c83a.js",
        "/45-es2015.d217a112ea1b5a30ab5b.js",
        "/45-es5.d217a112ea1b5a30ab5b.js",
        "/46-es2015.29fbb9434cc7b9f76e29.js",
        "/46-es5.29fbb9434cc7b9f76e29.js",
        "/47-es2015.e28e3f8db4df7f306666.js",
        "/47-es5.e28e3f8db4df7f306666.js",
        "/48-es2015.f2c91095238b29b739b5.js",
        "/48-es5.f2c91095238b29b739b5.js",
        "/49-es2015.451d29caaf7df094394c.js",
        "/49-es5.451d29caaf7df094394c.js",
        "/50-es2015.7bd9d5f4d80de9936be2.js",
        "/50-es5.7bd9d5f4d80de9936be2.js",
        "/51-es2015.346f7f56750e4a62f7ab.js",
        "/51-es5.346f7f56750e4a62f7ab.js",
        "/52-es2015.f32a754f1c4380bca811.js",
        "/52-es5.f32a754f1c4380bca811.js",
        "/53-es2015.63f39ec6589eb61b4796.js",
        "/53-es5.63f39ec6589eb61b4796.js",
        "/54-es2015.d189aecffe54f8b5adff.js",
        "/54-es5.d189aecffe54f8b5adff.js",
        "/55-es2015.884954fbc974b7d56586.js",
        "/55-es5.884954fbc974b7d56586.js",
        "/56-es2015.479a5c6cc4a726e06ed9.js",
        "/56-es5.479a5c6cc4a726e06ed9.js",
        "/57-es2015.37c70a8f61357b1a451f.js",
        "/57-es5.37c70a8f61357b1a451f.js",
        "/58-es2015.ea93858e0c206788f08c.js",
        "/58-es5.ea93858e0c206788f08c.js",
        "/59-es2015.8555c8c6c2c6a690f05c.js",
        "/59-es5.8555c8c6c2c6a690f05c.js",
        "/60-es2015.cb61de691ecda8fc8254.js",
        "/60-es5.cb61de691ecda8fc8254.js",
        "/61-es2015.b56d6c453e1bda86831e.js",
        "/61-es5.b56d6c453e1bda86831e.js",
        "/62-es2015.e67d9b23add6a2a2f6d4.js",
        "/62-es5.e67d9b23add6a2a2f6d4.js",
        "/63-es2015.705245f6db91dd4a442b.js",
        "/63-es5.705245f6db91dd4a442b.js",
        "/common-es2015.90cac0c6d44c718b2d4b.js",
        "/common-es5.90cac0c6d44c718b2d4b.js",
        "/index.html",
        "/main-es2015.16e2c72b6eda0262859d.js",
        "/main-es5.16e2c72b6eda0262859d.js",
        "/manifest.webmanifest",
        "/polyfills-core-js-es2015.d790e7e38ef54cfd3fb5.js",
        "/polyfills-core-js-es5.d790e7e38ef54cfd3fb5.js",
        "/polyfills-css-shim-es2015.b700fca687ac0ab2443b.js",
        "/polyfills-css-shim-es5.b700fca687ac0ab2443b.js",
        "/polyfills-dom-es2015.109ace6ccf64d31aab4a.js",
        "/polyfills-dom-es5.109ace6ccf64d31aab4a.js",
        "/polyfills-es2015.bf495b878b910d9032b1.js",
        "/polyfills-es5.0aff8b2d058159c585d2.js",
        "/runtime-es2015.89ee6a3cd3a153afd010.js",
        "/runtime-es5.89ee6a3cd3a153afd010.js",
        "/scripts.9237351af55c1ebf1f76.js",
        "/styles.88bba4e9ac8ebcd2f131.css"
      ],
      "patterns": []
    },
    {
      "name": "assets",
      "installMode": "lazy",
      "updateMode": "prefetch",
      "urls": [
        "/assets/icon/favicon.png",
        "/assets/icons/icon-128x128.png",
        "/assets/icons/icon-144x144.png",
        "/assets/icons/icon-152x152.png",
        "/assets/icons/icon-192x192.png",
        "/assets/icons/icon-384x384.png",
        "/assets/icons/icon-512x512.png",
        "/assets/icons/icon-72x72.png",
        "/assets/icons/icon-96x96.png",
        "/assets/img/06_director.svg",
        "/assets/img/1.1.svg",
        "/assets/img/1.svg",
        "/assets/img/2.1.svg",
        "/assets/img/2.svg",
        "/assets/img/2745414.jpg",
        "/assets/img/3.1.svg",
        "/assets/img/3.svg",
        "/assets/img/4.1.svg",
        "/assets/img/4.svg",
        "/assets/img/5.1.svg",
        "/assets/img/5.svg",
        "/assets/img/6.1.svg",
        "/assets/img/6.svg",
        "/assets/img/LAURA.png",
        "/assets/img/SEP.jpg",
        "/assets/img/aislinn-derbez.jpg",
        "/assets/img/avatar-han.png",
        "/assets/img/cover/00K1_English_I.jpg",
        "/assets/img/cover/00K1_Lectoescritura_I.jpg",
        "/assets/img/cover/00K1_Matematicas_I.jpg",
        "/assets/img/cover/00K2_English_II.jpg",
        "/assets/img/cover/00K2_Lectoescritura_II.jpg",
        "/assets/img/cover/00K2_Matematicas_II.jpg",
        "/assets/img/cover/00K3_English_III.jpg",
        "/assets/img/cover/00K3_Lectoescritura_III.jpg",
        "/assets/img/cover/00K3_Matematicas_III.jpg",
        "/assets/img/cover/10ES_Educacion_Socioemocional.jpg",
        "/assets/img/cover/11ES_Math.jpg",
        "/assets/img/cover/12ES_Science.jpg",
        "/assets/img/cover/13ES_Ciencias_Naturales.jpg",
        "/assets/img/cover/14ES_Espanol.jpg",
        "/assets/img/cover/15ES_Formacion_Civica_y_Etica.jpg",
        "/assets/img/cover/16ES_Matematicas.jpg",
        "/assets/img/cover/17ES_Science.jpg",
        "/assets/img/cover/18ES_Math.jpg",
        "/assets/img/cover/19ES_Ciencias_Naturales.jpg",
        "/assets/img/cover/1ES_Lengua_Materna_Espanol.jpg",
        "/assets/img/cover/20ES_Espanol.jpg",
        "/assets/img/cover/21ES_Formacion_Civica_y_Etica.jpg",
        "/assets/img/cover/22ES_Geografia.jpg",
        "/assets/img/cover/23ES_Historia.jpg",
        "/assets/img/cover/24ES_Matematicas.jpg",
        "/assets/img/cover/25ES_Science.jpg",
        "/assets/img/cover/26ES_Geography.jpg",
        "/assets/img/cover/27ES_History.jpg",
        "/assets/img/cover/28ES_Math.jpg",
        "/assets/img/cover/29ES_Ciencias_Naturales.jpg",
        "/assets/img/cover/2ES_Matematicas.jpg",
        "/assets/img/cover/30ES_Espanol.jpg",
        "/assets/img/cover/31ES_Formacion_Civica_y_Etica.jpg",
        "/assets/img/cover/32ES_Geografia.jpg",
        "/assets/img/cover/33ES_Historia.jpg",
        "/assets/img/cover/34ES_Matematicas.jpg",
        "/assets/img/cover/35ES_Science.jpg",
        "/assets/img/cover/36ES_Geography.jpg",
        "/assets/img/cover/37ES_History.jpg",
        "/assets/img/cover/38ES_Math.jpg",
        "/assets/img/cover/39ES_Ciencias_Naturales.jpg",
        "/assets/img/cover/3ES_Conocimiento_del_Medio.jpg",
        "/assets/img/cover/40ES_Espanol.jpg",
        "/assets/img/cover/41ES_Formacion_Civica_y_Etica.jpg",
        "/assets/img/cover/42ES_Geografia.jpg",
        "/assets/img/cover/43ES_Historia.jpg",
        "/assets/img/cover/44ES_Matematicas.jpg",
        "/assets/img/cover/45ES_Science.jpg",
        "/assets/img/cover/46ES_Geography.jpg",
        "/assets/img/cover/47ES_History.jpg",
        "/assets/img/cover/48ES_Math.jpg",
        "/assets/img/cover/49JHS_Lengua_Materna_Espanol.jpg",
        "/assets/img/cover/4ES_Educacion_Socioemocional.jpg",
        "/assets/img/cover/50JHS_Ciencias_y_Tecnologia_(Biologia).jpg",
        "/assets/img/cover/51JHS_Formacion_Civica_y_Etica.jpg",
        "/assets/img/cover/52JHS_Math.jpg",
        "/assets/img/cover/53JHS_Geography.jpg",
        "/assets/img/cover/54JHS_History.jpg",
        "/assets/img/cover/55JHS_Espanol.jpg",
        "/assets/img/cover/56JHS_Formacion_Civica_y_Etica.jpg",
        "/assets/img/cover/57JHS_Ciencias_(Fisica).jpg",
        "/assets/img/cover/58JHS_History.jpg",
        "/assets/img/cover/59JHS_Math.jpg",
        "/assets/img/cover/5ES_Math.jpg",
        "/assets/img/cover/60JHS_Espanol.jpg",
        "/assets/img/cover/61JHS_Formacion_Civica_y_Etica.jpg",
        "/assets/img/cover/62JHS_Ciencias_(Quimica).jpg",
        "/assets/img/cover/63JHS_History.jpg",
        "/assets/img/cover/64JHS_Math.jpg",
        "/assets/img/cover/65ES_video.jpg",
        "/assets/img/cover/65HS_Etica_I.jpg",
        "/assets/img/cover/66HS_Investigation_Methodology.jpg",
        "/assets/img/cover/66JHS_video.jpg",
        "/assets/img/cover/67HS_Biologia.jpg",
        "/assets/img/cover/68HS_History_of_Mexico.jpg",
        "/assets/img/cover/69HS_Probabilidad_y_Estadistica.jpg",
        "/assets/img/cover/6ES_Science.jpg",
        "/assets/img/cover/70HS_Geography.jpg",
        "/assets/img/cover/7ES_Lengua_Materna_Espanol.jpg",
        "/assets/img/cover/8ES_Matematicas.jpg",
        "/assets/img/cover/9ES_Conocimiento_del_Medio.jpg",
        "/assets/img/descarga (1).jpg",
        "/assets/img/descarga (2).jpg",
        "/assets/img/descarga (3).jpg",
        "/assets/img/descarga (4).jpg",
        "/assets/img/descarga (5).jpg",
        "/assets/img/descarga.jpg",
        "/assets/img/groups.png",
        "/assets/img/madison.jpg",
        "/assets/img/marjorie-de-sousa.jpg",
        "/assets/img/me-gusta.svg",
        "/assets/img/normal.jpg",
        "/assets/img/unnamed.png",
        "/assets/js/quill.min.js",
        "/assets/quill-image-resize-module-fix-for-mobile/.editorconfig",
        "/assets/quill-image-resize-module-fix-for-mobile/.eslintrc",
        "/assets/quill-image-resize-module-fix-for-mobile/CHANGELOG.md",
        "/assets/quill-image-resize-module-fix-for-mobile/LICENSE",
        "/assets/quill-image-resize-module-fix-for-mobile/README.md",
        "/assets/quill-image-resize-module-fix-for-mobile/image-resize.min.js",
        "/assets/quill-image-resize-module-fix-for-mobile/npm-shrinkwrap.json",
        "/assets/quill-image-resize-module-fix-for-mobile/package.json",
        "/assets/quill-image-resize-module-fix-for-mobile/src/DefaultOptions.js",
        "/assets/quill-image-resize-module-fix-for-mobile/src/ImageResize.js",
        "/assets/quill-image-resize-module-fix-for-mobile/src/modules/BaseModule.js",
        "/assets/quill-image-resize-module-fix-for-mobile/src/modules/DisplaySize.js",
        "/assets/quill-image-resize-module-fix-for-mobile/src/modules/Resize.js",
        "/assets/quill-image-resize-module-fix-for-mobile/src/modules/Toolbar.js",
        "/assets/quill-image-resize-module-fix-for-mobile/webpack.config.js",
        "/assets/shapes.svg",
        "/icons_mobiscroll.a8c84e68fdbafbe4fee1.woff",
        "/icons_mobiscroll.acbd6f7336333a13555e.ttf"
      ],
      "patterns": []
    }
  ],
  "dataGroups": [],
  "hashTable": {
    "/11-es2015.4a09efe41345b9eeb106.js": "26913d6c1b4ad64ceffb44ff49693fe81c3fb9b1",
    "/11-es5.4a09efe41345b9eeb106.js": "06d69819f0c11fa979b68c42e3d4c34d52f860f4",
    "/12-es2015.ab4dfc7c38f180e8e192.js": "1bb24f09a3fc3d07e9a011ccb58bca298a83c773",
    "/12-es5.ab4dfc7c38f180e8e192.js": "749fbbe30a9691f79cc1bf070ea78121a1f40efb",
    "/13-es2015.c6c92cb3742f55202bff.js": "7b111589acab30e655c66f1b5f2d398149a3f6a5",
    "/13-es5.c6c92cb3742f55202bff.js": "72c784dce52f8e1c1782bda4e4854b95905b1210",
    "/14-es2015.ff8ffe7ac86e643bafb6.js": "80e192c8800d5575b2500304c36ce717c67e58c6",
    "/14-es5.ff8ffe7ac86e643bafb6.js": "9bd2c54d8e41ace2d35ae59067089ed71b70b5e7",
    "/15-es2015.2b99da29e1a0695d0ac8.js": "8918d289cac503926049290175d5e5da0c3e0150",
    "/15-es5.2b99da29e1a0695d0ac8.js": "173a854c0ebd4f80cf0cb4fb09305368d4c44dc7",
    "/16-es2015.e59932d3c96b33303c0d.js": "d1f0696d59a74518c0b6370db42c67b9f866490f",
    "/16-es5.e59932d3c96b33303c0d.js": "61c0dbd9191fe2df9aed8c394216f0ebba6f493b",
    "/17-es2015.dbb599abf61c47d50596.js": "af0cddec9be46e6905575f22d8959c02c05b4c1a",
    "/17-es5.dbb599abf61c47d50596.js": "31caa592bd2f205f3f380659d999091ae90791b8",
    "/18-es2015.c86898c85d2a274db6b6.js": "108dd9ffdc3ca8fcc2d3c279d1b6e48b702551b1",
    "/18-es5.c86898c85d2a274db6b6.js": "b3ca1bd1d15d1de58b7d43439751a2ade36e64c3",
    "/19-es2015.e68268af4b2ee6837f4e.js": "7364cd1767b40e835bf5f3e475f4585aa122f631",
    "/19-es5.e68268af4b2ee6837f4e.js": "60306c777b60775a63fdea57a16cb9d5007363ba",
    "/2-es2015.78786620c85f8fbe1f68.js": "e94a829eb92fcb75247a0ed6b7f99fb7756813bd",
    "/2-es5.78786620c85f8fbe1f68.js": "6454bc2132f099b4f593147e154bbf71ffe2fb19",
    "/20-es2015.2d6264ae6b6e777e631d.js": "1f9ba8c99bbe9901efc154ff55fd558fc2bcff4e",
    "/20-es5.2d6264ae6b6e777e631d.js": "818eb14a99f1d6709bdc8ac93ce5d9eea217f621",
    "/21-es2015.e4657d7a1fe1dc6dcc63.js": "66d02735945f936e1a0d540084d47e73c58d32bf",
    "/21-es5.e4657d7a1fe1dc6dcc63.js": "a9021c92b89ed899f4e777951078e778298668b1",
    "/22-es2015.d034b6fbcfe89ff0d357.js": "cc841f4d0ae99c74f7ebbbf5811368de524fa531",
    "/22-es5.d034b6fbcfe89ff0d357.js": "394010c740ef9db5760d1ffdaa149416276106e2",
    "/23-es2015.9d606b3f95e101082546.js": "9583577344cbb12518cca4909b79854be06f741e",
    "/23-es5.9d606b3f95e101082546.js": "b13b43fc40d0e6d25c96a9a991e67c54b4709acc",
    "/24-es2015.e177e69d49abe139d9d5.js": "214409036470059b56bc61bc1bff6118f48fa800",
    "/24-es5.e177e69d49abe139d9d5.js": "e218576a9654e4497ffdf7cebd085499cdce9a23",
    "/25-es2015.56d48b130b096a96f046.js": "66cefe0d09fd70dda9e4188f23c3e9567eb51393",
    "/25-es5.56d48b130b096a96f046.js": "6a8e43735a7f2187df1afb559703da4b289d9bf6",
    "/26-es2015.e3563fa0d2429135b786.js": "bb406a353f1d625b24dc6db77efe1c2b34c4ca2f",
    "/26-es5.e3563fa0d2429135b786.js": "bea2358c3d3290f6dc1ad1f0e4ee8d74d309fd81",
    "/27-es2015.b466137b6bb04ced3b06.js": "b4976fb2320163e9b4420822b4617369b87a2e74",
    "/27-es5.b466137b6bb04ced3b06.js": "45bec2d9a0a321c30744897e08ceeca38800f8ca",
    "/28-es2015.aaf20d6e6f0340720293.js": "9c46221886d7ec0d76f40bfbd477103ae2f33a4f",
    "/28-es5.aaf20d6e6f0340720293.js": "9429a116941cff07266c1bb17dcfcd702ccf327f",
    "/29-es2015.0fb32e21e38dbee7ce70.js": "456680e9705f34b020b9814644065a07865e48e9",
    "/29-es5.0fb32e21e38dbee7ce70.js": "42dbf74399938f7aa520f1bdace9777c3df1d9eb",
    "/3-es2015.9a90d969f82d1622fb11.js": "6c5d26139520bb71ac6b428cbc2675f57296f271",
    "/3-es5.9a90d969f82d1622fb11.js": "5344c441c37ecf10b00f2a933897d232eda448e2",
    "/30-es2015.53e1a3d2b641be02d795.js": "71b8755d7780b905fc2d5b8f4eba5457d8a54884",
    "/30-es5.53e1a3d2b641be02d795.js": "d46e1ead68eefa435d5aa595fef0084199830991",
    "/31-es2015.c2c781ec8d1b847033b7.js": "7d257a60e8d9fb3738364168d5fb07c38752edd3",
    "/31-es5.c2c781ec8d1b847033b7.js": "85b76844b1adef3494c46bf8cfb59f0aea800241",
    "/32-es2015.7833f60495efc324ee4c.js": "f08f106826f6ddbd8a6b98683b8e22fc5767ec1e",
    "/32-es5.7833f60495efc324ee4c.js": "d9dd42b1304eac13c2a05df0768085404034be84",
    "/33-es2015.e33cf9c979a0ef8ad76b.js": "c04723d152356b319af201ff123a62cd5f94dcc8",
    "/33-es5.e33cf9c979a0ef8ad76b.js": "8d0a8b37e6b9236bbff9aa97b46dd060c89c918c",
    "/34-es2015.51113fb15a28b9686e65.js": "9271975a24fb96cc83c881d356a3971f58707319",
    "/34-es5.51113fb15a28b9686e65.js": "3e2f2a7fb7c53dfc7e45b3b4a9b942cecc07eba6",
    "/35-es2015.8abd4e75205db55fae99.js": "e523e5951be4dd63dd64f3cf2a9cf01cedf9e417",
    "/35-es5.8abd4e75205db55fae99.js": "990b6cce237dffbb291c0ce539879878f21ab67d",
    "/36-es2015.691929cfb12088b15e83.js": "53389cef70aa971e462ad6dbcf85c78d5aa910ea",
    "/36-es5.691929cfb12088b15e83.js": "4f01b7eac229ba144f61b5a0a5a7861701866f9b",
    "/37-es2015.d629cfb211f590659742.js": "84753f50e85999c9ff2f96e5aabcf6c4130546c8",
    "/37-es5.d629cfb211f590659742.js": "e9f547677ee22645fc17cefb806707f30b079f70",
    "/38-es2015.2783c92af028eb0e651d.js": "3aa2ed1e0ad56d9586d9300893c800dd1bb45826",
    "/38-es5.2783c92af028eb0e651d.js": "e1d4920eda8ff0c2bc0bc3c71ba8f249e3bdba95",
    "/39-es2015.0c7d77aed367e0b828c0.js": "36cb1b31e53d9ebf91b322d1c209bdabc1fa8690",
    "/39-es5.0c7d77aed367e0b828c0.js": "b7d3e4556bfb6d0d8987399028927a83a40b21d8",
    "/40-es2015.28d6d55d40c5335b40d5.js": "b7a1cdbd50c3b980c3bb9a10e636c678562a08ae",
    "/40-es5.28d6d55d40c5335b40d5.js": "5fa1b90b87e9a04108b6f7b895902cc690fbc8a1",
    "/41-es2015.6dcf0459f49bd995b7dd.js": "4fe41f70d25b623d4db1f1cfe1424b0e1e3cf995",
    "/41-es5.6dcf0459f49bd995b7dd.js": "b3ea3c36dc6e99fbf2ff61e24c65a004ec654815",
    "/42-es2015.3c6a73a8e44e1ac4570d.js": "8470473201c006de46a9b1eaea70128c3cb5d559",
    "/42-es5.3c6a73a8e44e1ac4570d.js": "b8823fdebb163880bcdb5f37c37b3f66a1673ff1",
    "/43-es2015.de83ea6221e47c4b4a8c.js": "2b581b497441a90674ec635da8fd843927b26f00",
    "/43-es5.de83ea6221e47c4b4a8c.js": "17ad95aed60988a31decae7fe85d642d603a63a4",
    "/44-es2015.dd39d7187c3d3cf6c83a.js": "7c27d4a8fb20ff531dacfe0a06fc36b66fad126a",
    "/44-es5.dd39d7187c3d3cf6c83a.js": "3b45424c9a51dee1d90da02b5f9c2b563b2b425d",
    "/45-es2015.d217a112ea1b5a30ab5b.js": "1580166ba1d84614320f2c437bd5dffc6cc55fa7",
    "/45-es5.d217a112ea1b5a30ab5b.js": "1dd051aeded0c11d1f7ae215adcbdff572f8e63d",
    "/46-es2015.29fbb9434cc7b9f76e29.js": "1d2988028d618cbd4cff1321684527f9ee63f3f6",
    "/46-es5.29fbb9434cc7b9f76e29.js": "38b9acc3fccc8707880f24c460643c28931ebf73",
    "/47-es2015.e28e3f8db4df7f306666.js": "47bedbdfc4225c716016b2f1b5d7571901e000a7",
    "/47-es5.e28e3f8db4df7f306666.js": "a59057da32504cc5593262a90e4129e217d9d944",
    "/48-es2015.f2c91095238b29b739b5.js": "f78ce784004490487c6d147529a58cf46dae5c7f",
    "/48-es5.f2c91095238b29b739b5.js": "244eb69683a6fa53614ce642639f76b2239b2e9b",
    "/49-es2015.451d29caaf7df094394c.js": "30affe2fad6ba612a410190a1145c659905c9d62",
    "/49-es5.451d29caaf7df094394c.js": "a857c3d3ee951716c6ed5cf2f579e1435199f2a0",
    "/50-es2015.7bd9d5f4d80de9936be2.js": "713dfa98d058ba196068d9ff8ace8d31b1a94f6b",
    "/50-es5.7bd9d5f4d80de9936be2.js": "4fef94862f490885d3e09cdc7033f272f51cdd6d",
    "/51-es2015.346f7f56750e4a62f7ab.js": "a4836c89651b55212422d06187dba0aace7b3c5f",
    "/51-es5.346f7f56750e4a62f7ab.js": "6ce5ea1a6a0556f0e209cd33b0b96009aa4eaf0b",
    "/52-es2015.f32a754f1c4380bca811.js": "c667e74f9aa919f4c6374917dcc2ab7c712a1e68",
    "/52-es5.f32a754f1c4380bca811.js": "5ef236701d0ab14bfc22e7bbcf121c20755e0a28",
    "/53-es2015.63f39ec6589eb61b4796.js": "eda6cb812ba61ee58bb3ef55575698195d6896bf",
    "/53-es5.63f39ec6589eb61b4796.js": "d8b2f4c733a644748859f2f69d408fa088e71e15",
    "/54-es2015.d189aecffe54f8b5adff.js": "37f41142f3644ac1398ee10a14ffb0b1d481ca67",
    "/54-es5.d189aecffe54f8b5adff.js": "f16b8468a9694399b602fe2df605d0c5cbb66737",
    "/55-es2015.884954fbc974b7d56586.js": "581e2a3a632c3e8342516b307700480689a0dec3",
    "/55-es5.884954fbc974b7d56586.js": "b37598488500727977fbdabd30919fa3582beb47",
    "/56-es2015.479a5c6cc4a726e06ed9.js": "e7c43d72453e08de8c664bbb81c0fa88a2fe9d42",
    "/56-es5.479a5c6cc4a726e06ed9.js": "14add28a9e3eab10161d086b145bbf79ccb07422",
    "/57-es2015.37c70a8f61357b1a451f.js": "ce482a543137d111030ca96ad0bb8319b5a50ac4",
    "/57-es5.37c70a8f61357b1a451f.js": "d2c7cc43e7a34e083fbffeead5e2e2868e8fa1ab",
    "/58-es2015.ea93858e0c206788f08c.js": "be7e73d66ec64c0eaf4d3d4c08ec30b9994af9f8",
    "/58-es5.ea93858e0c206788f08c.js": "1a83a72b9a4f43a21649bfbde462dce13215872d",
    "/59-es2015.8555c8c6c2c6a690f05c.js": "cc32f35dbe66c6a31e91649e8b413e1797195cf6",
    "/59-es5.8555c8c6c2c6a690f05c.js": "a3ac2414484df252bfe1a5a55d24dcb0086a4a6d",
    "/60-es2015.cb61de691ecda8fc8254.js": "a842d160e4a31eb8430df0ed6379b8f242d1b76f",
    "/60-es5.cb61de691ecda8fc8254.js": "940d5e2700edd88f601577ace8e9ae89e78f4d93",
    "/61-es2015.b56d6c453e1bda86831e.js": "9a62f0f8fc4dbd578a8d27791bafd3a675b42e17",
    "/61-es5.b56d6c453e1bda86831e.js": "0ba5fb36d1e44907d9bf719c296434b86e8a94d7",
    "/62-es2015.e67d9b23add6a2a2f6d4.js": "b2da6a528edd14fc0808a04313466050adadb727",
    "/62-es5.e67d9b23add6a2a2f6d4.js": "d9bc10ed2d0e77c5a7bd5648ef0971aaf36bdded",
    "/63-es2015.705245f6db91dd4a442b.js": "d7b33216c198f3821a8d5b40968f1617dbf26488",
    "/63-es5.705245f6db91dd4a442b.js": "9ad875944881fc4e18e64c5e373de5399f80b072",
    "/assets/icon/favicon.png": "7798b8e0eb61d7375c245af78bbf5c916932bf13",
    "/assets/icons/icon-128x128.png": "dae3b6ed49bdaf4327b92531d4b5b4a5d30c7532",
    "/assets/icons/icon-144x144.png": "b0bd89982e08f9bd2b642928f5391915b74799a7",
    "/assets/icons/icon-152x152.png": "7479a9477815dfd9668d60f8b3b2fba709b91310",
    "/assets/icons/icon-192x192.png": "1abd80d431a237a853ce38147d8c63752f10933b",
    "/assets/icons/icon-384x384.png": "329749cd6393768d3131ed6304c136b1ca05f2fd",
    "/assets/icons/icon-512x512.png": "559d9c4318b45a1f2b10596bbb4c960fe521dbcc",
    "/assets/icons/icon-72x72.png": "c457e56089a36952cd67156f9996bc4ce54a5ed9",
    "/assets/icons/icon-96x96.png": "3914125a4b445bf111c5627875fc190f560daa41",
    "/assets/img/06_director.svg": "15a4da22295223c5a663c4e9740b87f08c1f8a28",
    "/assets/img/1.1.svg": "0b06fd732d97ead58a544928cbd4257bf2e910c8",
    "/assets/img/1.svg": "0564705cf68c0cdb687d837b46c58ea10cb974e1",
    "/assets/img/2.1.svg": "13e58eec52ca86d1f571ab2fbc679463b9d544f6",
    "/assets/img/2.svg": "25170da93ce4620cbcc762969bd81b8e791bef25",
    "/assets/img/2745414.jpg": "846f8ed59ff5bfdf6eccdab54223728425f27647",
    "/assets/img/3.1.svg": "cd39446510a9be565afe0d54958f221ae410d16f",
    "/assets/img/3.svg": "894c442255947196a04838d70621a8973d9a970b",
    "/assets/img/4.1.svg": "3173bddd66c56925fe5443b22f129e9f82160dc9",
    "/assets/img/4.svg": "957f442b9f6e88b761050305e520182266d9ddb7",
    "/assets/img/5.1.svg": "a9cfb658a4352fc6ec825d4bb2a3f5afd36631c6",
    "/assets/img/5.svg": "22561340d7a974db05c10ceeeade624d3af92cb9",
    "/assets/img/6.1.svg": "303bd99b7fde65e3dfdf4d265c81de04969cc28f",
    "/assets/img/6.svg": "70d68222ad9ee50a8253dfd39ee720c9239dc6ef",
    "/assets/img/LAURA.png": "2ac18da15180ec7250befcf1103bf35d68e8ff9a",
    "/assets/img/SEP.jpg": "2acaec4d22106a7fc8f6970dd8a09bdc9464e201",
    "/assets/img/aislinn-derbez.jpg": "312227837b8729ccda91d011018ea4e6c3ad75ce",
    "/assets/img/avatar-han.png": "46fd8345a5e3304765579f5606c0bb5c4b49b388",
    "/assets/img/cover/00K1_English_I.jpg": "006c9434205ce6857459e9ca059de401eb1ec378",
    "/assets/img/cover/00K1_Lectoescritura_I.jpg": "1e59fa1500663ca8df3f9e460ac5e6fa01d2b1a1",
    "/assets/img/cover/00K1_Matematicas_I.jpg": "abf19a2afa5d00dd1dbe1b0c2e7d510a54cbeda4",
    "/assets/img/cover/00K2_English_II.jpg": "e5703b7687eb8e92ffb1f8513d4b192a02280e26",
    "/assets/img/cover/00K2_Lectoescritura_II.jpg": "05bec7c7243f873c66d0657059cf46f413aec368",
    "/assets/img/cover/00K2_Matematicas_II.jpg": "39cf84554bf45247accd4902927da7081e73ef90",
    "/assets/img/cover/00K3_English_III.jpg": "a31d45ff350dc6f4dbe156d9da63627c1a509a3f",
    "/assets/img/cover/00K3_Lectoescritura_III.jpg": "d59814f02c301bdf18bc61c0c8e3b6b5f8705699",
    "/assets/img/cover/00K3_Matematicas_III.jpg": "cd61cc932f0b7d469af6f6f35baf61577e0381a9",
    "/assets/img/cover/10ES_Educacion_Socioemocional.jpg": "5efe44209ac008c35a0afe9d4211d3fbdecdda12",
    "/assets/img/cover/11ES_Math.jpg": "6538f420e5314fcf338d7d00063ba425677f0ded",
    "/assets/img/cover/12ES_Science.jpg": "5e39f00e1e84c94b671961262ca2ea3f1cb2e340",
    "/assets/img/cover/13ES_Ciencias_Naturales.jpg": "422530750a616be1a0bedeaa1baca73f4f9458c5",
    "/assets/img/cover/14ES_Espanol.jpg": "be92e0ec9532859223d0199e667f735529f67bc8",
    "/assets/img/cover/15ES_Formacion_Civica_y_Etica.jpg": "5efe44209ac008c35a0afe9d4211d3fbdecdda12",
    "/assets/img/cover/16ES_Matematicas.jpg": "184afb11c77f4af85858c69402759dfb2663e637",
    "/assets/img/cover/17ES_Science.jpg": "5e39f00e1e84c94b671961262ca2ea3f1cb2e340",
    "/assets/img/cover/18ES_Math.jpg": "6538f420e5314fcf338d7d00063ba425677f0ded",
    "/assets/img/cover/19ES_Ciencias_Naturales.jpg": "422530750a616be1a0bedeaa1baca73f4f9458c5",
    "/assets/img/cover/1ES_Lengua_Materna_Espanol.jpg": "765243ed23012eff0497f0f90615b504eb0d2771",
    "/assets/img/cover/20ES_Espanol.jpg": "be92e0ec9532859223d0199e667f735529f67bc8",
    "/assets/img/cover/21ES_Formacion_Civica_y_Etica.jpg": "5efe44209ac008c35a0afe9d4211d3fbdecdda12",
    "/assets/img/cover/22ES_Geografia.jpg": "1a7eb1e072d28155a4b9a5144e077e914b89f393",
    "/assets/img/cover/23ES_Historia.jpg": "1bea48af6d28036c3e9b36b0014bed474f3d7515",
    "/assets/img/cover/24ES_Matematicas.jpg": "184afb11c77f4af85858c69402759dfb2663e637",
    "/assets/img/cover/25ES_Science.jpg": "5e39f00e1e84c94b671961262ca2ea3f1cb2e340",
    "/assets/img/cover/26ES_Geography.jpg": "cb8c3dc46bdb3efd990919d1bbdfffe755147bc4",
    "/assets/img/cover/27ES_History.jpg": "f1705525d412c23d01a54ffb57360cd3e8ec9db5",
    "/assets/img/cover/28ES_Math.jpg": "6538f420e5314fcf338d7d00063ba425677f0ded",
    "/assets/img/cover/29ES_Ciencias_Naturales.jpg": "422530750a616be1a0bedeaa1baca73f4f9458c5",
    "/assets/img/cover/2ES_Matematicas.jpg": "0b5249504e19eebc111e06507c89aea00060c4d2",
    "/assets/img/cover/30ES_Espanol.jpg": "be92e0ec9532859223d0199e667f735529f67bc8",
    "/assets/img/cover/31ES_Formacion_Civica_y_Etica.jpg": "5efe44209ac008c35a0afe9d4211d3fbdecdda12",
    "/assets/img/cover/32ES_Geografia.jpg": "1a7eb1e072d28155a4b9a5144e077e914b89f393",
    "/assets/img/cover/33ES_Historia.jpg": "1bea48af6d28036c3e9b36b0014bed474f3d7515",
    "/assets/img/cover/34ES_Matematicas.jpg": "184afb11c77f4af85858c69402759dfb2663e637",
    "/assets/img/cover/35ES_Science.jpg": "5e39f00e1e84c94b671961262ca2ea3f1cb2e340",
    "/assets/img/cover/36ES_Geography.jpg": "cb8c3dc46bdb3efd990919d1bbdfffe755147bc4",
    "/assets/img/cover/37ES_History.jpg": "f1705525d412c23d01a54ffb57360cd3e8ec9db5",
    "/assets/img/cover/38ES_Math.jpg": "6538f420e5314fcf338d7d00063ba425677f0ded",
    "/assets/img/cover/39ES_Ciencias_Naturales.jpg": "422530750a616be1a0bedeaa1baca73f4f9458c5",
    "/assets/img/cover/3ES_Conocimiento_del_Medio.jpg": "455fca4c207585504897dbd70dc7022d580d0264",
    "/assets/img/cover/40ES_Espanol.jpg": "be92e0ec9532859223d0199e667f735529f67bc8",
    "/assets/img/cover/41ES_Formacion_Civica_y_Etica.jpg": "5efe44209ac008c35a0afe9d4211d3fbdecdda12",
    "/assets/img/cover/42ES_Geografia.jpg": "1a7eb1e072d28155a4b9a5144e077e914b89f393",
    "/assets/img/cover/43ES_Historia.jpg": "1bea48af6d28036c3e9b36b0014bed474f3d7515",
    "/assets/img/cover/44ES_Matematicas.jpg": "184afb11c77f4af85858c69402759dfb2663e637",
    "/assets/img/cover/45ES_Science.jpg": "5e39f00e1e84c94b671961262ca2ea3f1cb2e340",
    "/assets/img/cover/46ES_Geography.jpg": "cb8c3dc46bdb3efd990919d1bbdfffe755147bc4",
    "/assets/img/cover/47ES_History.jpg": "f1705525d412c23d01a54ffb57360cd3e8ec9db5",
    "/assets/img/cover/48ES_Math.jpg": "6538f420e5314fcf338d7d00063ba425677f0ded",
    "/assets/img/cover/49JHS_Lengua_Materna_Espanol.jpg": "be92e0ec9532859223d0199e667f735529f67bc8",
    "/assets/img/cover/4ES_Educacion_Socioemocional.jpg": "5efe44209ac008c35a0afe9d4211d3fbdecdda12",
    "/assets/img/cover/50JHS_Ciencias_y_Tecnologia_(Biologia).jpg": "422530750a616be1a0bedeaa1baca73f4f9458c5",
    "/assets/img/cover/51JHS_Formacion_Civica_y_Etica.jpg": "5efe44209ac008c35a0afe9d4211d3fbdecdda12",
    "/assets/img/cover/52JHS_Math.jpg": "6538f420e5314fcf338d7d00063ba425677f0ded",
    "/assets/img/cover/53JHS_Geography.jpg": "1a7eb1e072d28155a4b9a5144e077e914b89f393",
    "/assets/img/cover/54JHS_History.jpg": "1bea48af6d28036c3e9b36b0014bed474f3d7515",
    "/assets/img/cover/55JHS_Espanol.jpg": "be92e0ec9532859223d0199e667f735529f67bc8",
    "/assets/img/cover/56JHS_Formacion_Civica_y_Etica.jpg": "5efe44209ac008c35a0afe9d4211d3fbdecdda12",
    "/assets/img/cover/57JHS_Ciencias_(Fisica).jpg": "5e39f00e1e84c94b671961262ca2ea3f1cb2e340",
    "/assets/img/cover/58JHS_History.jpg": "1bea48af6d28036c3e9b36b0014bed474f3d7515",
    "/assets/img/cover/59JHS_Math.jpg": "6538f420e5314fcf338d7d00063ba425677f0ded",
    "/assets/img/cover/5ES_Math.jpg": "6538f420e5314fcf338d7d00063ba425677f0ded",
    "/assets/img/cover/60JHS_Espanol.jpg": "be92e0ec9532859223d0199e667f735529f67bc8",
    "/assets/img/cover/61JHS_Formacion_Civica_y_Etica.jpg": "5efe44209ac008c35a0afe9d4211d3fbdecdda12",
    "/assets/img/cover/62JHS_Ciencias_(Quimica).jpg": "422530750a616be1a0bedeaa1baca73f4f9458c5",
    "/assets/img/cover/63JHS_History.jpg": "1bea48af6d28036c3e9b36b0014bed474f3d7515",
    "/assets/img/cover/64JHS_Math.jpg": "6538f420e5314fcf338d7d00063ba425677f0ded",
    "/assets/img/cover/65ES_video.jpg": "abc6e34607055f2d0eb281ef2fa2889cd2e41c4f",
    "/assets/img/cover/65HS_Etica_I.jpg": "46e722f25cb94902301fae1ebbd0c017dabe6a09",
    "/assets/img/cover/66HS_Investigation_Methodology.jpg": "341d9eaeea00a8aa03c3fa07836e23724b9f7eac",
    "/assets/img/cover/66JHS_video.jpg": "402acbfe75f68cda4eef9e39e3de0b965d2ccb32",
    "/assets/img/cover/67HS_Biologia.jpg": "cb44769176462d24c6bb1808a4b383ee17983cfc",
    "/assets/img/cover/68HS_History_of_Mexico.jpg": "c3d3bf5eebea514f4ceb4fb019b657e5d053ecf0",
    "/assets/img/cover/69HS_Probabilidad_y_Estadistica.jpg": "2d94a751d381c4849ff012cd0189c4857c91d674",
    "/assets/img/cover/6ES_Science.jpg": "5e39f00e1e84c94b671961262ca2ea3f1cb2e340",
    "/assets/img/cover/70HS_Geography.jpg": "82f7f62b0a559c3083c3b349d31763a0cbb184d0",
    "/assets/img/cover/7ES_Lengua_Materna_Espanol.jpg": "be92e0ec9532859223d0199e667f735529f67bc8",
    "/assets/img/cover/8ES_Matematicas.jpg": "184afb11c77f4af85858c69402759dfb2663e637",
    "/assets/img/cover/9ES_Conocimiento_del_Medio.jpg": "455fca4c207585504897dbd70dc7022d580d0264",
    "/assets/img/descarga (1).jpg": "a1fffd6b2b19a8c3cabc54932451867d54c90e0a",
    "/assets/img/descarga (2).jpg": "9afb497a94ade6fcafe3977d04cb060da8ec9257",
    "/assets/img/descarga (3).jpg": "0617a3e4ca67f1072384945755ad8bb4b731aecd",
    "/assets/img/descarga (4).jpg": "af1393f39e564be04c689035fae6bad4dd849122",
    "/assets/img/descarga (5).jpg": "b964d45e397778bbe7188ee841d28652028992c6",
    "/assets/img/descarga.jpg": "5cd6b7c9d3b37eb96d5f5947aa1d7f53fb92a109",
    "/assets/img/groups.png": "366c153ce023dc7b3d4c8d3ab41abc4cf69594ea",
    "/assets/img/madison.jpg": "fe5addf24e18e04ae0d0651c1208aa412ee1df7c",
    "/assets/img/marjorie-de-sousa.jpg": "5a4090a23e34f4c5b0ea0c2aad62156d85357100",
    "/assets/img/me-gusta.svg": "115c243c2eb7eb17c64d7b3ff3f0e57b4fe3981f",
    "/assets/img/normal.jpg": "1286849541080b6032938aa649202042be18dd51",
    "/assets/img/unnamed.png": "099463233ef20c5e431cc8314a19a9547c9b2c9b",
    "/assets/js/quill.min.js": "6b6b24271e1ed638a97f760e1b701ad428e920d7",
    "/assets/quill-image-resize-module-fix-for-mobile/.editorconfig": "bfd544e4cfac7009171c56778647488b778dd738",
    "/assets/quill-image-resize-module-fix-for-mobile/.eslintrc": "7a9ab84b24f16d541263f4fb91d3ca587cb1b910",
    "/assets/quill-image-resize-module-fix-for-mobile/CHANGELOG.md": "f12547d81c99d91b21d9f20c2b99a625f2e84eb2",
    "/assets/quill-image-resize-module-fix-for-mobile/LICENSE": "e571d1599e15366e6861dca7f80ab934109eb900",
    "/assets/quill-image-resize-module-fix-for-mobile/README.md": "954531d1c60e8340517bbf0671f24fa29c0f59f1",
    "/assets/quill-image-resize-module-fix-for-mobile/image-resize.min.js": "6de522b729246b57916e97ebb25dc6a86bb5cfe6",
    "/assets/quill-image-resize-module-fix-for-mobile/npm-shrinkwrap.json": "554b96d0898174c51bfc3a23d45288bbb426d2c6",
    "/assets/quill-image-resize-module-fix-for-mobile/package.json": "1b189851b9b6178e463e240269100b553a13739c",
    "/assets/quill-image-resize-module-fix-for-mobile/src/DefaultOptions.js": "7e083d7e8564b94dd89bd501892495ac1d9712ca",
    "/assets/quill-image-resize-module-fix-for-mobile/src/ImageResize.js": "3d6379ef448a2923fb4629f0a280be2395d51a94",
    "/assets/quill-image-resize-module-fix-for-mobile/src/modules/BaseModule.js": "e0e528c14fffb89dd5f34ad95c8011ded2cae401",
    "/assets/quill-image-resize-module-fix-for-mobile/src/modules/DisplaySize.js": "a9c17e6f176579220da2c7f195122cac8ee9bc24",
    "/assets/quill-image-resize-module-fix-for-mobile/src/modules/Resize.js": "d31d391067b274cb9bd895a7184b356a43ae2d12",
    "/assets/quill-image-resize-module-fix-for-mobile/src/modules/Toolbar.js": "a9692345b27ecdc058280ed9735851f8e3b2bbe3",
    "/assets/quill-image-resize-module-fix-for-mobile/webpack.config.js": "05ac41be50bab39a14e13f716d82a346b5c1497e",
    "/assets/shapes.svg": "638f87e27e6fc7ddfd6e6b262ea70d690f6c7011",
    "/common-es2015.90cac0c6d44c718b2d4b.js": "2f2a9e1c4ba95727ec22da6ac5f2c8b6e68ccffb",
    "/common-es5.90cac0c6d44c718b2d4b.js": "cd4e4c28db8020227ef489cc6bb9ac3f891b7fab",
    "/icons_mobiscroll.a8c84e68fdbafbe4fee1.woff": "ec7a334357f820c17a13126544989d8034121be6",
    "/icons_mobiscroll.acbd6f7336333a13555e.ttf": "bd66585f8153b9a6f10f66d3c0f12261eb65a61f",
    "/index.html": "2b898ef9498639c43ec5e25f228c059091bef73e",
    "/main-es2015.16e2c72b6eda0262859d.js": "dd1df3cd429ea25069174ad279f767a1026efbc4",
    "/main-es5.16e2c72b6eda0262859d.js": "31464488d1284629bd6e81aabd030131a112417f",
    "/manifest.webmanifest": "9a088b7c4339228d1082e666ce105dc889bc180c",
    "/polyfills-core-js-es2015.d790e7e38ef54cfd3fb5.js": "a6ed21f30601ec98874ebacb03378596fda5ab71",
    "/polyfills-core-js-es5.d790e7e38ef54cfd3fb5.js": "f714fbe54c34b23b62b7f94d20e844b377f5265d",
    "/polyfills-css-shim-es2015.b700fca687ac0ab2443b.js": "45fab6a046a3b8c26a63a76bea86179bf20d1b71",
    "/polyfills-css-shim-es5.b700fca687ac0ab2443b.js": "dda90dfcd6e01a2d38e996b085cd4fc4bdc04153",
    "/polyfills-dom-es2015.109ace6ccf64d31aab4a.js": "dada53df60a35c3660879fc5a5f5b113fd575316",
    "/polyfills-dom-es5.109ace6ccf64d31aab4a.js": "1fe88df27ad99157d28922b6a82ea01f8e292c9a",
    "/polyfills-es2015.bf495b878b910d9032b1.js": "376567f582ea80abe0e209eb4df73142e39c9f9e",
    "/polyfills-es5.0aff8b2d058159c585d2.js": "038af61ef87941c7e547ad08108665642b40737d",
    "/runtime-es2015.89ee6a3cd3a153afd010.js": "d34dd7add61c1a975bf920aaf22a10e04f57df57",
    "/runtime-es5.89ee6a3cd3a153afd010.js": "c16fc8bcd4b6cebe0b38917365a22fb02448baea",
    "/scripts.9237351af55c1ebf1f76.js": "6652f8812fedf8a00fdf07135a421407e7acc785",
    "/styles.88bba4e9ac8ebcd2f131.css": "20aef6c6ccf1bd2ea513d782c20f12c4e69bd547"
  },
  "navigationUrls": [
    {
      "positive": true,
      "regex": "^\\/.*$"
    },
    {
      "positive": false,
      "regex": "^\\/(?:.+\\/)?[^/]*\\.[^/]*$"
    },
    {
      "positive": false,
      "regex": "^\\/(?:.+\\/)?[^/]*__[^/]*$"
    },
    {
      "positive": false,
      "regex": "^\\/(?:.+\\/)?[^/]*__[^/]*\\/.*$"
    }
  ]
}